batch_size,passed,max_abs_error,bytes_sent,bytes_recv,total_comm_bytes,send_messages,recv_messages,total_messages,offline_arith_triples,offline_bit_triples,secure_mul_calls,bit_and_calls,b2a_calls,a2b_calls,trunc_calls,relu_calls,linear_calls,offline_time,online_time,total_time,secure_mul_time,bit_and_time,b2a_time,a2b_time,trunc_time,relu_time,linear_time
1,True,0.0,1801097,1800829,3601926,1297,1295,2592,240,400,70,192,65,2,2,1,2,0.5411321,0.45570220000000006,0.9972532999999999,0.08542879999999975,0.3585745000000006,0.08711650000000082,0.23473889999999975,0.32326860000000013,0.13104060000000006,0.0011706000000000216
2,True,0.0,3459138,3458862,6918000,1297,1295,2592,240,400,70,192,65,2,2,1,2,0.7850555000000001,0.4316097000000001,1.2171442,0.09104479999999526,0.32977560000000716,0.07982690000000137,0.21150080000000004,0.29255830000000005,0.13780839999999994,0.0011404999999999887
4,True,0.0,6775236,6774924,13550160,1297,1295,2592,240,400,70,192,65,2,2,1,2,1.157641,0.08709900000000026,1.2450587,0.007792099999998747,0.07410110000000136,0.007717700000001937,0.02675760000000027,0.034877999999999965,0.051264200000000315,0.0008868000000004095
8,True,0.0,13407378,13407026,26814404,1297,1295,2592,240,400,70,192,65,2,2,1,2,1.9801668000000001,0.19968010000000014,2.1802140000000003,0.06363430000000037,0.12897599999999798,0.0645955999999952,0.02921840000000131,0.09478309999999901,0.10369489999999981,0.0008708000000003935
