batch_size,passed,max_abs_error,bytes_sent,bytes_recv,total_comm_bytes,send_messages,recv_messages,total_messages,offline_arith_triples,offline_bit_triples,secure_mul_calls,bit_and_calls,b2a_calls,a2b_calls,trunc_calls,relu_calls,linear_calls,offline_time,online_time,total_time,secure_mul_time,bit_and_time,b2a_time,a2b_time,trunc_time,relu_time,linear_time
1,True,0.0,5261957,5261648,10523605,1817,1815,3632,460,480,74,192,65,2,2,1,2,2.5270675000000002,0.38005029999999973,2.9073290000000003,0.08014759999999832,0.28635280000000396,0.06683529999999749,0.20158629999999977,0.2698634999999996,0.0925262999999994,0.017256999999999856
2,True,0.0,10331565,10331190,20662755,1817,1815,3632,460,480,74,192,65,2,2,1,2,5.6318684,0.5583643000000009,6.1904934,0.09736479999998693,0.4450316000000125,0.07757640000000343,0.2892348000000009,0.36894380000000027,0.16467779999999976,0.024133199999999633
4,True,0.0,20470812,20470303,40941115,1817,1815,3632,460,480,74,192,65,2,2,1,2,10.137172199999998,0.17020839999999993,10.3078019,0.05304370000000347,0.10766639999999228,0.052325800000012634,0.060756400000002486,0.11413470000000103,0.052680599999998634,0.0028876000000011004
